<?xml version="1.0" encoding="UTF-8"?>
<beans xmlns="http://www.springframework.org/schema/beans" 
	xmlns:xsi="http://www.w3.org/2001/XMLSchema-instance" 
	xmlns:jaxrs="http://cxf.apache.org/jaxrs" 
	xsi:schemaLocation="http://www.springframework.org/schema/beans
	http://www.springframework.org/schema/beans/spring-beans.xsd http://cxf.apache.org/jaxrs http://cxf.apache.org/schemas/jaxrs.xsd">

	<bean id="repository" class="demo.StoreRepository"/>

	<bean id="trackDelegate" class="demo.TrackControllerDelegateImpl">
		<property name="repository" ref="repository"/>
	</bean>

	<bean id="trackController" class="demo.controller.TrackController">
		<property name="delegate" ref="trackDelegate"/>
	</bean>
	
	<bean id="albumDelegate" class="demo.AlbumControllerDelegateImpl">
		<property name="repository" ref="repository"/>
	</bean>

	<bean id="albumController" class="demo.controller.AlbumController">
		<property name="delegate" ref="albumDelegate"/>
	</bean>
	
</beans>